Length,Length
0.142857143,0.047619048
0.19047619,0.095238095
0.238095238,0.142857143
0.285714286,0.19047619
0.333333333,0.238095238
0.380952381,0.285714286
0.428571429,0.333333333
0.476190476,0.380952381
0.523809524,0.428571429
0.571428571,0.476190476
0.619047619,0.523809524
0.666666667,0.571428571
0.714285714,0.619047619
0.761904762,0.666666667
0.80952381,0.714285714
0.857142857,0.761904762
0.904761905,0.80952381
0.952380952,0.857142857
1,0.904761905
