Length,Length
0.047619048,0.142857143
0.095238095,0.19047619
0.142857143,0.238095238
0.19047619,0.285714286
0.238095238,0.333333333
0.285714286,0.380952381
0.333333333,0.428571429
0.380952381,0.476190476
0.428571429,0.523809524
0.476190476,0.571428571
0.523809524,0.619047619
0.571428571,0.666666667
0.619047619,0.714285714
0.666666667,0.761904762
0.714285714,0.80952381
0.761904762,0.857142857
0.80952381,0.904761905
0.857142857,0.952380952
0.904761905,1
